[
  {
    "name": "theme_info",
    "theme_name": "Portable Arm Trainer",
    "theme_version": "1.0.0",
    "theme_author": "Custom Theme",
    "theme_documentation_url": "",
    "theme_support_url": ""
  },
  {
    "name": "Colors",
    "settings": [
      {
        "type": "header",
        "content": "Color scheme"
      },
      {
        "type": "color",
        "id": "colors_text",
        "default": "#333333",
        "label": "Text color"
      },
      {
        "type": "color",
        "id": "colors_background_1",
        "default": "#ffffff",
        "label": "Background 1"
      },
      {
        "type": "color",
        "id": "colors_background_2",
        "default": "#f8f8f8",
        "label": "Background 2"
      },
      {
        "type": "color",
        "id": "colors_accent_1",
        "default": "#ff6b35",
        "label": "Accent color"
      },
      {
        "type": "color",
        "id": "colors_accent_2",
        "default": "#1a1a1a",
        "label": "Secondary accent"
      },
      {
        "type": "color",
        "id": "colors_solid_button_labels",
        "default": "#ffffff",
        "label": "Button text"
      },
      {
        "type": "color",
        "id": "colors_outline_button_labels",
        "default": "#1a1a1a",
        "label": "Outline button text"
      }
    ]
  },
  {
    "name": "Typography",
    "settings": [
      {
        "type": "header",
        "content": "Font"
      },
      {
        "type": "font_picker",
        "id": "type_header_font",
        "default": "assistant_n4",
        "label": "Heading font",
        "info": "Selecting a different font can affect the speed of your store. [Learn more about system fonts.](https://help.shopify.com/en/manual/online-store/os/store-speed/improving-speed#fonts)"
      },
      {
        "type": "range",
        "id": "heading_scale",
        "min": 100,
        "max": 150,
        "step": 5,
        "unit": "%",
        "label": "Heading scale",
        "default": 100
      },
      {
        "type": "font_picker",
        "id": "type_body_font",
        "default": "assistant_n4",
        "label": "Body font",
        "info": "Selecting a different font can affect the speed of your store. [Learn more about system fonts.](https://help.shopify.com/en/manual/online-store/os/store-speed/improving-speed#fonts)"
      },
      {
        "type": "range",
        "id": "body_scale",
        "min": 100,
        "max": 130,
        "step": 5,
        "unit": "%",
        "label": "Body scale",
        "default": 100
      }
    ]
  },
  {
    "name": "Layout",
    "settings": [
      {
        "type": "header",
        "content": "Page layout"
      },
      {
        "type": "range",
        "id": "page_width",
        "min": 1000,
        "max": 1600,
        "step": 100,
        "default": 1200,
        "unit": "px",
        "label": "Page width"
      },
      {
        "type": "range",
        "id": "spacing_sections",
        "min": 0,
        "max": 100,
        "step": 4,
        "unit": "px",
        "label": "Section spacing",
        "default": 64
      },
      {
        "type": "header",
        "content": "Grid"
      },
      {
        "type": "range",
        "id": "spacing_grid_horizontal",
        "min": 4,
        "max": 40,
        "step": 4,
        "default": 32,
        "unit": "px",
        "label": "Horizontal spacing"
      },
      {
        "type": "range",
        "id": "spacing_grid_vertical",
        "min": 4,
        "max": 40,
        "step": 4,
        "default": 32,
        "unit": "px",
        "label": "Vertical spacing"
      }
    ]
  },
  {
    "name": "Product cards",
    "settings": [
      {
        "type": "header",
        "content": "Product card"
      },
      {
        "type": "select",
        "id": "card_text_alignment",
        "default": "left",
        "label": "Text alignment",
        "options": [
          {
            "value": "left",
            "label": "Left"
          },
          {
            "value": "center",
            "label": "Center"
          },
          {
            "value": "right",
            "label": "Right"
          }
        ]
      },
      {
        "type": "select",
        "id": "card_color_scheme",
        "default": "background-2",
        "label": "Color scheme",
        "options": [
          {
            "value": "accent-1",
            "label": "Accent 1"
          },
          {
            "value": "accent-2",
            "label": "Accent 2"
          },
          {
            "value": "background-1",
            "label": "Background 1"
          },
          {
            "value": "background-2",
            "label": "Background 2"
          },
          {
            "value": "inverse",
            "label": "Inverse"
          }
        ]
      },
      {
        "type": "header",
        "content": "Image"
      },
      {
        "type": "range",
        "id": "card_image_padding",
        "min": 0,
        "max": 20,
        "step": 2,
        "default": 0,
        "unit": "px",
        "label": "Image padding"
      },
      {
        "type": "range",
        "id": "card_corner_radius",
        "min": 0,
        "max": 40,
        "step": 4,
        "default": 12,
        "unit": "px",
        "label": "Corner radius"
      },
      {
        "type": "header",
        "content": "Border"
      },
      {
        "type": "range",
        "id": "card_border_thickness",
        "min": 0,
        "max": 24,
        "step": 1,
        "default": 0,
        "unit": "px",
        "label": "Thickness"
      },
      {
        "type": "range",
        "id": "card_border_opacity",
        "min": 0,
        "max": 100,
        "step": 5,
        "default": 10,
        "unit": "%",
        "label": "Opacity"
      },
      {
        "type": "header",
        "content": "Shadow"
      },
      {
        "type": "range",
        "id": "card_shadow_opacity",
        "min": 0,
        "max": 100,
        "step": 5,
        "default": 10,
        "unit": "%",
        "label": "Opacity"
      },
      {
        "type": "range",
        "id": "card_shadow_horizontal_offset",
        "min": -40,
        "max": 40,
        "step": 2,
        "default": 0,
        "unit": "px",
        "label": "Horizontal offset"
      },
      {
        "type": "range",
        "id": "card_shadow_vertical_offset",
        "min": -40,
        "max": 40,
        "step": 2,
        "default": 4,
        "unit": "px",
        "label": "Vertical offset"
      },
      {
        "type": "range",
        "id": "card_shadow_blur",
        "min": 0,
        "max": 40,
        "step": 5,
        "default": 10,
        "unit": "px",
        "label": "Blur"
      }
    ]
  },
  {
    "name": "Buttons",
    "settings": [
      {
        "type": "header",
        "content": "Button style"
      },
      {
        "type": "range",
        "id": "buttons_radius",
        "min": 0,
        "max": 40,
        "step": 2,
        "default": 8,
        "unit": "px",
        "label": "Corner radius"
      },
      {
        "type": "range",
        "id": "buttons_border_thickness",
        "min": 0,
        "max": 12,
        "step": 1,
        "default": 1,
        "unit": "px",
        "label": "Border thickness"
      },
      {
        "type": "range",
        "id": "buttons_border_opacity",
        "min": 0,
        "max": 100,
        "step": 5,
        "default": 100,
        "unit": "%",
        "label": "Border opacity"
      },
      {
        "type": "header",
        "content": "Shadow"
      },
      {
        "type": "range",
        "id": "buttons_shadow_opacity",
        "min": 0,
        "max": 100,
        "step": 5,
        "default": 0,
        "unit": "%",
        "label": "Opacity"
      },
      {
        "type": "range",
        "id": "buttons_shadow_horizontal_offset",
        "min": -12,
        "max": 12,
        "step": 1,
        "default": 0,
        "unit": "px",
        "label": "Horizontal offset"
      },
      {
        "type": "range",
        "id": "buttons_shadow_vertical_offset",
        "min": -12,
        "max": 12,
        "step": 1,
        "default": 4,
        "unit": "px",
        "label": "Vertical offset"
      },
      {
        "type": "range",
        "id": "buttons_shadow_blur",
        "min": 0,
        "max": 20,
        "step": 1,
        "default": 4,
        "unit": "px",
        "label": "Blur"
      }
    ]
  },
  {
    "name": "Brand",
    "settings": [
      {
        "type": "header",
        "content": "Logo"
      },
      {
        "type": "image_picker",
        "id": "logo",
        "label": "Logo image"
      },
      {
        "type": "range",
        "id": "logo_width",
        "min": 50,
        "max": 300,
        "step": 10,
        "default": 200,
        "unit": "px",
        "label": "Logo width"
      },
      {
        "type": "header",
        "content": "Favicon"
      },
      {
        "type": "image_picker",
        "id": "favicon",
        "label": "Favicon image",
        "info": "32 x 32px .png recommended"
      }
    ]
  },
  {
    "name": "Social media",
    "settings": [
      {
        "type": "header",
        "content": "Social accounts"
      },
      {
        "type": "text",
        "id": "social_twitter_link",
        "label": "Twitter",
        "info": "https://twitter.com/shopify"
      },
      {
        "type": "text",
        "id": "social_facebook_link",
        "label": "Facebook",
        "info": "https://facebook.com/shopify"
      },
      {
        "type": "text",
        "id": "social_instagram_link",
        "label": "Instagram",
        "info": "https://instagram.com/shopify"
      },
      {
        "type": "text",
        "id": "social_youtube_link",
        "label": "YouTube",
        "info": "https://youtube.com/shopify"
      },
      {
        "type": "text",
        "id": "social_tiktok_link",
        "label": "TikTok",
        "info": "https://tiktok.com/@shopify"
      }
    ]
  }
]