{
  "current": {
    "colors_text": "#333333",
    "colors_background_1": "#ffffff",
    "colors_background_2": "#f8f8f8",
    "colors_accent_1": "#ff6b35",
    "colors_accent_2": "#1a1a1a",
    "colors_solid_button_labels": "#ffffff",
    "colors_outline_button_labels": "#1a1a1a",
    "type_header_font": "assistant_n4",
    "heading_scale": 100,
    "type_body_font": "assistant_n4",
    "body_scale": 100,
    "page_width": 1200,
    "spacing_sections": 64,
    "spacing_grid_horizontal": 32,
    "spacing_grid_vertical": 32,
    "card_text_alignment": "left",
    "card_color_scheme": "background-2",
    "card_image_padding": 0,
    "card_corner_radius": 12,
    "card_border_thickness": 0,
    "card_border_opacity": 10,
    "card_shadow_opacity": 10,
    "card_shadow_horizontal_offset": 0,
    "card_shadow_vertical_offset": 4,
    "card_shadow_blur": 10,
    "buttons_radius": 8,
    "buttons_border_thickness": 1,
    "buttons_border_opacity": 100,
    "buttons_shadow_opacity": 0,
    "buttons_shadow_horizontal_offset": 0,
    "buttons_shadow_vertical_offset": 4,
    "buttons_shadow_blur": 4,
    "logo_width": 200,
    "social_twitter_link": "",
    "social_facebook_link": "",
    "social_instagram_link": "",
    "social_youtube_link": "",
    "social_tiktok_link": ""
  }
}