[
  {
    "name": "theme_info",
    "theme_name": "Custom Theme",
    "theme_version": "1.0.0",
    "theme_author": "Your Store",
    "theme_documentation_url": "https://help.shopify.com/",
    "theme_support_url": "https://support.shopify.com/"
  },
  {
    "name": "Colors",
    "settings": [
      {
        "type": "header",
        "content": "Colors"
      },
      {
        "type": "color",
        "id": "colors_text",
        "default": "#121212",
        "label": "Text"
      },
      {
        "type": "color",
        "id": "colors_background_1",
        "default": "#FFFFFF",
        "label": "Background 1"
      },
      {
        "type": "color",
        "id": "colors_background_2",
        "default": "#F3F3F3",
        "label": "Background 2"
      },
      {
        "type": "color",
        "id": "colors_accent_1",
        "default": "#121212",
        "label": "Accent 1"
      },
      {
        "type": "color",
        "id": "colors_accent_2",
        "default": "#334FB4",
        "label": "Accent 2"
      },
      {
        "type": "color",
        "id": "colors_solid_button_labels",
        "default": "#FFFFFF",
        "label": "Solid button labels"
      },
      {
        "type": "color",
        "id": "colors_outline_button_labels",
        "default": "#121212",
        "label": "Outline button labels"
      }
    ]
  },
  {
    "name": "Typography",
    "settings": [
      {
        "type": "header",
        "content": "Typography"
      },
      {
        "type": "font_picker",
        "id": "type_header_font",
        "default": "assistant_n4",
        "label": "Heading font"
      },
      {
        "type": "range",
        "id": "heading_scale",
        "min": 100,
        "max": 150,
        "step": 5,
        "unit": "%",
        "label": "Heading scale",
        "default": 120
      },
      {
        "type": "font_picker",
        "id": "type_body_font",
        "default": "assistant_n4",
        "label": "Body font"
      },
      {
        "type": "range",
        "id": "body_scale",
        "min": 90,
        "max": 120,
        "step": 5,
        "unit": "%",
        "label": "Body scale",
        "default": 100
      }
    ]
  },
  {
    "name": "Layout",
    "settings": [
      {
        "type": "header",
        "content": "Layout"
      },
      {
        "type": "range",
        "id": "page_width",
        "min": 1000,
        "max": 1600,
        "step": 100,
        "default": 1200,
        "unit": "px",
        "label": "Page width"
      },
      {
        "type": "range",
        "id": "spacing_sections",
        "min": 0,
        "max": 100,
        "step": 4,
        "unit": "px",
        "label": "Spacing between sections",
        "default": 36
      },
      {
        "type": "range",
        "id": "spacing_grid_horizontal",
        "min": 4,
        "max": 40,
        "step": 4,
        "default": 8,
        "unit": "px",
        "label": "Horizontal spacing"
      },
      {
        "type": "range",
        "id": "spacing_grid_vertical",
        "min": 4,
        "max": 40,
        "step": 4,
        "default": 8,
        "unit": "px",
        "label": "Vertical spacing"
      }
    ]
  },
  {
    "name": "Cards",
    "settings": [
      {
        "type": "header",
        "content": "Product cards"
      },
      {
        "type": "select",
        "id": "card_text_alignment",
        "options": [
          {
            "value": "left",
            "label": "Left"
          },
          {
            "value": "center",
            "label": "Center"
          },
          {
            "value": "right",
            "label": "Right"
          }
        ],
        "default": "left",
        "label": "Text alignment"
      },
      {
        "type": "range",
        "id": "card_image_padding",
        "min": 0,
        "max": 20,
        "step": 2,
        "unit": "px",
        "label": "Image padding",
        "default": 0
      },
      {
        "type": "range",
        "id": "card_corner_radius",
        "min": 0,
        "max": 40,
        "step": 2,
        "unit": "px",
        "label": "Corner radius",
        "default": 0
      },
      {
        "type": "range",
        "id": "card_border_thickness",
        "min": 0,
        "max": 24,
        "step": 1,
        "unit": "px",
        "label": "Border thickness",
        "default": 0
      },
      {
        "type": "range",
        "id": "card_border_opacity",
        "min": 0,
        "max": 100,
        "step": 5,
        "unit": "%",
        "label": "Border opacity",
        "default": 10
      },
      {
        "type": "range",
        "id": "card_shadow_opacity",
        "min": 0,
        "max": 100,
        "step": 5,
        "unit": "%",
        "label": "Shadow opacity",
        "default": 0
      },
      {
        "type": "range",
        "id": "card_shadow_horizontal_offset",
        "min": -40,
        "max": 40,
        "step": 2,
        "unit": "px",
        "label": "Shadow horizontal offset",
        "default": 0
      },
      {
        "type": "range",
        "id": "card_shadow_vertical_offset",
        "min": -40,
        "max": 40,
        "step": 2,
        "unit": "px",
        "label": "Shadow vertical offset",
        "default": 0
      },
      {
        "type": "range",
        "id": "card_shadow_blur",
        "min": 0,
        "max": 40,
        "step": 5,
        "unit": "px",
        "label": "Shadow blur",
        "default": 0
      }
    ]
  },
  {
    "name": "Collection cards",
    "settings": [
      {
        "type": "select",
        "id": "collection_card_text_alignment",
        "options": [
          {
            "value": "left",
            "label": "Left"
          },
          {
            "value": "center",
            "label": "Center"
          },
          {
            "value": "right",
            "label": "Right"
          }
        ],
        "default": "left",
        "label": "Text alignment"
      },
      {
        "type": "range",
        "id": "collection_card_image_padding",
        "min": 0,
        "max": 20,
        "step": 2,
        "unit": "px",
        "label": "Image padding",
        "default": 0
      },
      {
        "type": "range",
        "id": "collection_card_corner_radius",
        "min": 0,
        "max": 40,
        "step": 2,
        "unit": "px",
        "label": "Corner radius",
        "default": 0
      },
      {
        "type": "range",
        "id": "collection_card_border_thickness",
        "min": 0,
        "max": 24,
        "step": 1,
        "unit": "px",
        "label": "Border thickness",
        "default": 0
      },
      {
        "type": "range",
        "id": "collection_card_border_opacity",
        "min": 0,
        "max": 100,
        "step": 5,
        "unit": "%",
        "label": "Border opacity",
        "default": 10
      },
      {
        "type": "range",
        "id": "collection_card_shadow_opacity",
        "min": 0,
        "max": 100,
        "step": 5,
        "unit": "%",
        "label": "Shadow opacity",
        "default": 0
      },
      {
        "type": "range",
        "id": "collection_card_shadow_horizontal_offset",
        "min": -40,
        "max": 40,
        "step": 2,
        "unit": "px",
        "label": "Shadow horizontal offset",
        "default": 0
      },
      {
        "type": "range",
        "id": "collection_card_shadow_vertical_offset",
        "min": -40,
        "max": 40,
        "step": 2,
        "unit": "px",
        "label": "Shadow vertical offset",
        "default": 0
      },
      {
        "type": "range",
        "id": "collection_card_shadow_blur",
        "min": 0,
        "max": 40,
        "step": 5,
        "unit": "px",
        "label": "Shadow blur",
        "default": 0
      }
    ]
  },
  {
    "name": "Blog cards",
    "settings": [
      {
        "type": "select",
        "id": "blog_card_text_alignment",
        "options": [
          {
            "value": "left",
            "label": "Left"
          },
          {
            "value": "center",
            "label": "Center"
          },
          {
            "value": "right",
            "label": "Right"
          }
        ],
        "default": "left",
        "label": "Text alignment"
      },
      {
        "type": "range",
        "id": "blog_card_image_padding",
        "min": 0,
        "max": 20,
        "step": 2,
        "unit": "px",
        "label": "Image padding",
        "default": 0
      },
      {
        "type": "range",
        "id": "blog_card_corner_radius",
        "min": 0,
        "max": 40,
        "step": 2,
        "unit": "px",
        "label": "Corner radius",
        "default": 0
      },
      {
        "type": "range",
        "id": "blog_card_border_thickness",
        "min": 0,
        "max": 24,
        "step": 1,
        "unit": "px",
        "label": "Border thickness",
        "default": 0
      },
      {
        "type": "range",
        "id": "blog_card_border_opacity",
        "min": 0,
        "max": 100,
        "step": 5,
        "unit": "%",
        "label": "Border opacity",
        "default": 10
      },
      {
        "type": "range",
        "id": "blog_card_shadow_opacity",
        "min": 0,
        "max": 100,
        "step": 5,
        "unit": "%",
        "label": "Shadow opacity",
        "default": 0
      },
      {
        "type": "range",
        "id": "blog_card_shadow_horizontal_offset",
        "min": -40,
        "max": 40,
        "step": 2,
        "unit": "px",
        "label": "Shadow horizontal offset",
        "default": 0
      },
      {
        "type": "range",
        "id": "blog_card_shadow_vertical_offset",
        "min": -40,
        "max": 40,
        "step": 2,
        "unit": "px",
        "label": "Shadow vertical offset",
        "default": 0
      },
      {
        "type": "range",
        "id": "blog_card_shadow_blur",
        "min": 0,
        "max": 40,
        "step": 5,
        "unit": "px",
        "label": "Shadow blur",
        "default": 0
      }
    ]
  },
  {
    "name": "Buttons",
    "settings": [
      {
        "type": "header",
        "content": "Buttons"
      },
      {
        "type": "range",
        "id": "buttons_radius",
        "min": 0,
        "max": 40,
        "step": 2,
        "unit": "px",
        "label": "Corner radius",
        "default": 0
      },
      {
        "type": "range",
        "id": "buttons_border_thickness",
        "min": 0,
        "max": 12,
        "step": 1,
        "unit": "px",
        "label": "Border thickness",
        "default": 1
      },
      {
        "type": "range",
        "id": "buttons_border_opacity",
        "min": 0,
        "max": 100,
        "step": 5,
        "unit": "%",
        "label": "Border opacity",
        "default": 100
      },
      {
        "type": "range",
        "id": "buttons_shadow_opacity",
        "min": 0,
        "max": 100,
        "step": 5,
        "unit": "%",
        "label": "Shadow opacity",
        "default": 0
      },
      {
        "type": "range",
        "id": "buttons_shadow_horizontal_offset",
        "min": -12,
        "max": 12,
        "step": 1,
        "unit": "px",
        "label": "Shadow horizontal offset",
        "default": 0
      },
      {
        "type": "range",
        "id": "buttons_shadow_vertical_offset",
        "min": -12,
        "max": 12,
        "step": 1,
        "unit": "px",
        "label": "Shadow vertical offset",
        "default": 0
      },
      {
        "type": "range",
        "id": "buttons_shadow_blur",
        "min": 0,
        "max": 20,
        "step": 5,
        "unit": "px",
        "label": "Shadow blur",
        "default": 0
      }
    ]
  },
  {
    "name": "Inputs",
    "settings": [
      {
        "type": "header",
        "content": "Inputs"
      },
      {
        "type": "range",
        "id": "inputs_radius",
        "min": 0,
        "max": 40,
        "step": 2,
        "unit": "px",
        "label": "Corner radius",
        "default": 0
      },
      {
        "type": "range",
        "id": "inputs_border_thickness",
        "min": 0,
        "max": 12,
        "step": 1,
        "unit": "px",
        "label": "Border thickness",
        "default": 1
      },
      {
        "type": "range",
        "id": "inputs_border_opacity",
        "min": 0,
        "max": 100,
        "step": 5,
        "unit": "%",
        "label": "Border opacity",
        "default": 55
      },
      {
        "type": "range",
        "id": "inputs_shadow_opacity",
        "min": 0,
        "max": 100,
        "step": 5,
        "unit": "%",
        "label": "Shadow opacity",
        "default": 0
      },
      {
        "type": "range",
        "id": "inputs_shadow_horizontal_offset",
        "min": -12,
        "max": 12,
        "step": 1,
        "unit": "px",
        "label": "Shadow horizontal offset",
        "default": 0
      },
      {
        "type": "range",
        "id": "inputs_shadow_vertical_offset",
        "min": -12,
        "max": 12,
        "step": 1,
        "unit": "px",
        "label": "Shadow vertical offset",
        "default": 0
      },
      {
        "type": "range",
        "id": "inputs_shadow_blur",
        "min": 0,
        "max": 20,
        "step": 5,
        "unit": "px",
        "label": "Shadow blur",
        "default": 0
      }
    ]
  },
  {
    "name": "Variant pills",
    "settings": [
      {
        "type": "header",
        "content": "Variant pills"
      },
      {
        "type": "range",
        "id": "variant_pills_radius",
        "min": 0,
        "max": 40,
        "step": 2,
        "unit": "px",
        "label": "Corner radius",
        "default": 40
      },
      {
        "type": "range",
        "id": "variant_pills_border_thickness",
        "min": 0,
        "max": 12,
        "step": 1,
        "unit": "px",
        "label": "Border thickness",
        "default": 1
      },
      {
        "type": "range",
        "id": "variant_pills_border_opacity",
        "min": 0,
        "max": 100,
        "step": 5,
        "unit": "%",
        "label": "Border opacity",
        "default": 55
      },
      {
        "type": "range",
        "id": "variant_pills_shadow_opacity",
        "min": 0,
        "max": 100,
        "step": 5,
        "unit": "%",
        "label": "Shadow opacity",
        "default": 0
      },
      {
        "type": "range",
        "id": "variant_pills_shadow_horizontal_offset",
        "min": -12,
        "max": 12,
        "step": 1,
        "unit": "px",
        "label": "Shadow horizontal offset",
        "default": 0
      },
      {
        "type": "range",
        "id": "variant_pills_shadow_vertical_offset",
        "min": -12,
        "max": 12,
        "step": 1,
        "unit": "px",
        "label": "Shadow vertical offset",
        "default": 0
      },
      {
        "type": "range",
        "id": "variant_pills_shadow_blur",
        "min": 0,
        "max": 20,
        "step": 5,
        "unit": "px",
        "label": "Shadow blur",
        "default": 0
      }
    ]
  },
  {
    "name": "Badges",
    "settings": [
      {
        "type": "header",
        "content": "Badges"
      },
      {
        "type": "range",
        "id": "badge_corner_radius",
        "min": 0,
        "max": 40,
        "step": 2,
        "unit": "px",
        "label": "Corner radius",
        "default": 40
      }
    ]
  },
  {
    "name": "Popups",
    "settings": [
      {
        "type": "header",
        "content": "Popups"
      },
      {
        "type": "range",
        "id": "popup_border_thickness",
        "min": 0,
        "max": 12,
        "step": 1,
        "unit": "px",
        "label": "Border thickness",
        "default": 1
      },
      {
        "type": "range",
        "id": "popup_border_opacity",
        "min": 0,
        "max": 100,
        "step": 5,
        "unit": "%",
        "label": "Border opacity",
        "default": 10
      },
      {
        "type": "range",
        "id": "popup_corner_radius",
        "min": 0,
        "max": 40,
        "step": 2,
        "unit": "px",
        "label": "Corner radius",
        "default": 0
      },
      {
        "type": "range",
        "id": "popup_shadow_opacity",
        "min": 0,
        "max": 100,
        "step": 5,
        "unit": "%",
        "label": "Shadow opacity",
        "default": 5
      },
      {
        "type": "range",
        "id": "popup_shadow_horizontal_offset",
        "min": -40,
        "max": 40,
        "step": 2,
        "unit": "px",
        "label": "Shadow horizontal offset",
        "default": 0
      },
      {
        "type": "range",
        "id": "popup_shadow_vertical_offset",
        "min": -40,
        "max": 40,
        "step": 2,
        "unit": "px",
        "label": "Shadow vertical offset",
        "default": 4
      },
      {
        "type": "range",
        "id": "popup_shadow_blur",
        "min": 0,
        "max": 40,
        "step": 5,
        "unit": "px",
        "label": "Shadow blur",
        "default": 5
      }
    ]
  },
  {
    "name": "Drawers",
    "settings": [
      {
        "type": "header",
        "content": "Drawers"
      },
      {
        "type": "range",
        "id": "drawer_border_thickness",
        "min": 0,
        "max": 12,
        "step": 1,
        "unit": "px",
        "label": "Border thickness",
        "default": 1
      },
      {
        "type": "range",
        "id": "drawer_border_opacity",
        "min": 0,
        "max": 100,
        "step": 5,
        "unit": "%",
        "label": "Border opacity",
        "default": 10
      },
      {
        "type": "range",
        "id": "drawer_shadow_opacity",
        "min": 0,
        "max": 100,
        "step": 5,
        "unit": "%",
        "label": "Shadow opacity",
        "default": 0
      },
      {
        "type": "range",
        "id": "drawer_shadow_horizontal_offset",
        "min": -40,
        "max": 40,
        "step": 2,
        "unit": "px",
        "label": "Shadow horizontal offset",
        "default": 0
      },
      {
        "type": "range",
        "id": "drawer_shadow_vertical_offset",
        "min": -40,
        "max": 40,
        "step": 2,
        "unit": "px",
        "label": "Shadow vertical offset",
        "default": 4
      },
      {
        "type": "range",
        "id": "drawer_shadow_blur",
        "min": 0,
        "max": 40,
        "step": 5,
        "unit": "px",
        "label": "Shadow blur",
        "default": 5
      }
    ]
  },
  {
    "name": "Text boxes",
    "settings": [
      {
        "type": "header",
        "content": "Text boxes"
      },
      {
        "type": "range",
        "id": "text_boxes_border_thickness",
        "min": 0,
        "max": 12,
        "step": 1,
        "unit": "px",
        "label": "Border thickness",
        "default": 0
      },
      {
        "type": "range",
        "id": "text_boxes_border_opacity",
        "min": 0,
        "max": 100,
        "step": 5,
        "unit": "%",
        "label": "Border opacity",
        "default": 10
      },
      {
        "type": "range",
        "id": "text_boxes_radius",
        "min": 0,
        "max": 40,
        "step": 2,
        "unit": "px",
        "label": "Corner radius",
        "default": 0
      },
      {
        "type": "range",
        "id": "text_boxes_shadow_opacity",
        "min": 0,
        "max": 100,
        "step": 5,
        "unit": "%",
        "label": "Shadow opacity",
        "default": 0
      },
      {
        "type": "range",
        "id": "text_boxes_shadow_horizontal_offset",
        "min": -40,
        "max": 40,
        "step": 2,
        "unit": "px",
        "label": "Shadow horizontal offset",
        "default": 0
      },
      {
        "type": "range",
        "id": "text_boxes_shadow_vertical_offset",
        "min": -40,
        "max": 40,
        "step": 2,
        "unit": "px",
        "label": "Shadow vertical offset",
        "default": 4
      },
      {
        "type": "range",
        "id": "text_boxes_shadow_blur",
        "min": 0,
        "max": 40,
        "step": 5,
        "unit": "px",
        "label": "Shadow blur",
        "default": 5
      }
    ]
  },
  {
    "name": "Cart",
    "settings": [
      {
        "type": "header",
        "content": "Cart"
      },
      {
        "type": "select",
        "id": "cart_type",
        "options": [
          {
            "value": "drawer",
            "label": "Drawer"
          },
          {
            "value": "page",
            "label": "Page"
          },
          {
            "value": "notification",
            "label": "Notification"
          }
        ],
        "default": "notification",
        "label": "Cart type"
      }
    ]
  },
  {
    "name": "Search",
    "settings": [
      {
        "type": "header",
        "content": "Search"
      },
      {
        "type": "checkbox",
        "id": "predictive_search_enabled",
        "default": true,
        "label": "Enable predictive search"
      }
    ]
  },
  {
    "name": "Favicon",
    "settings": [
      {
        "type": "image_picker",
        "id": "favicon",
        "label": "Favicon image",
        "info": "Will be scaled down to 32 x 32px"
      }
    ]
  }
]