{
  "current": {
    "colors_text": "#121212",
    "colors_background_1": "#FFFFFF",
    "colors_background_2": "#F3F3F3",
    "colors_accent_1": "#121212",
    "colors_accent_2": "#334FB4",
    "colors_solid_button_labels": "#FFFFFF",
    "colors_outline_button_labels": "#121212",
    "type_header_font": "assistant_n4",
    "heading_scale": 120,
    "type_body_font": "assistant_n4",
    "body_scale": 100,
    "page_width": 1200,
    "spacing_sections": 36,
    "spacing_grid_horizontal": 8,
    "spacing_grid_vertical": 8,
    "card_text_alignment": "left",
    "card_image_padding": 0,
    "card_corner_radius": 0,
    "card_border_thickness": 0,
    "card_border_opacity": 10,
    "card_shadow_opacity": 0,
    "card_shadow_horizontal_offset": 0,
    "card_shadow_vertical_offset": 0,
    "card_shadow_blur": 0,
    "collection_card_text_alignment": "left",
    "collection_card_image_padding": 0,
    "collection_card_corner_radius": 0,
    "collection_card_border_thickness": 0,
    "collection_card_border_opacity": 10,
    "collection_card_shadow_opacity": 0,
    "collection_card_shadow_horizontal_offset": 0,
    "collection_card_shadow_vertical_offset": 0,
    "collection_card_shadow_blur": 0,
    "blog_card_text_alignment": "left",
    "blog_card_image_padding": 0,
    "blog_card_corner_radius": 0,
    "blog_card_border_thickness": 0,
    "blog_card_border_opacity": 10,
    "blog_card_shadow_opacity": 0,
    "blog_card_shadow_horizontal_offset": 0,
    "blog_card_shadow_vertical_offset": 0,
    "blog_card_shadow_blur": 0,
    "buttons_radius": 0,
    "buttons_border_thickness": 1,
    "buttons_border_opacity": 100,
    "buttons_shadow_opacity": 0,
    "buttons_shadow_horizontal_offset": 0,
    "buttons_shadow_vertical_offset": 0,
    "buttons_shadow_blur": 0,
    "inputs_radius": 0,
    "inputs_border_thickness": 1,
    "inputs_border_opacity": 55,
    "inputs_shadow_opacity": 0,
    "inputs_shadow_horizontal_offset": 0,
    "inputs_shadow_vertical_offset": 0,
    "inputs_shadow_blur": 0,
    "variant_pills_radius": 40,
    "variant_pills_border_thickness": 1,
    "variant_pills_border_opacity": 55,
    "variant_pills_shadow_opacity": 0,
    "variant_pills_shadow_horizontal_offset": 0,
    "variant_pills_shadow_vertical_offset": 0,
    "variant_pills_shadow_blur": 0,
    "badge_corner_radius": 40,
    "popup_border_thickness": 1,
    "popup_border_opacity": 10,
    "popup_corner_radius": 0,
    "popup_shadow_opacity": 5,
    "popup_shadow_horizontal_offset": 0,
    "popup_shadow_vertical_offset": 4,
    "popup_shadow_blur": 5,
    "drawer_border_thickness": 1,
    "drawer_border_opacity": 10,
    "drawer_shadow_opacity": 0,
    "drawer_shadow_horizontal_offset": 0,
    "drawer_shadow_vertical_offset": 4,
    "drawer_shadow_blur": 5,
    "text_boxes_border_thickness": 0,
    "text_boxes_border_opacity": 10,
    "text_boxes_radius": 0,
    "text_boxes_shadow_opacity": 0,
    "text_boxes_shadow_horizontal_offset": 0,
    "text_boxes_shadow_vertical_offset": 4,
    "text_boxes_shadow_blur": 5,
    "cart_type": "notification",
    "predictive_search_enabled": true,
    "sections": {
      "announcement-bar": {
        "type": "announcement-bar",
        "disabled": true,
        "settings": {}
      },
      "header": {
        "type": "header",
        "settings": {}
      },
      "footer": {
        "type": "footer",
        "settings": {}
      }
    }
  }
}